,일시,재난일어난날
0,1973-01-03,1973-01-03
16,1973-01-04,1973-01-04
18,1973-01-06,1973-01-06
19,1973-01-11,1973-01-11
22,1973-01-12,1973-01-12
27,1973-01-13,1973-01-13
29,1973-01-14,1973-01-14
31,1973-01-15,1973-01-15
32,1973-01-21,1973-01-21
33,1973-01-28,1973-01-28
35,1973-01-30,1973-01-30
38,1973-02-02,1973-02-02
39,1973-02-07,1973-02-07
40,1973-02-08,1973-02-08
45,1973-02-09,1973-02-09
50,1973-02-10,1973-02-10
52,1973-02-11,1973-02-11
53,1973-02-12,1973-02-12
54,1973-02-15,1973-02-15
55,1973-02-24,1973-02-24
56,1973-02-25,1973-02-25
61,1973-03-02,1973-03-02
62,1973-03-03,1973-03-03
63,1973-03-06,1973-03-06
64,1973-03-07,1973-03-07
65,1973-11-20,1973-11-20
66,1973-11-21,1973-11-21
67,1973-11-22,1973-11-22
69,1973-12-04,1973-12-04
70,1973-12-05,1973-12-05
76,1973-12-07,1973-12-07
79,1973-12-08,1973-12-08
87,1973-12-09,1973-12-09
89,1973-12-11,1973-12-11
96,1973-12-17,1973-12-17
105,1973-12-18,1973-12-18
106,1973-12-19,1973-12-19
111,1973-12-22,1973-12-22
117,1973-12-23,1973-12-23
126,1973-12-24,1973-12-24
167,1973-12-25,1973-12-25
197,1973-12-26,1973-12-26
226,1973-12-27,1973-12-27
228,1973-12-29,1973-12-29
249,1973-12-30,1973-12-30
255,1974-01-01,1974-01-01
261,1974-01-02,1974-01-02
262,1974-01-03,1974-01-03
264,1974-01-05,1974-01-05
265,1974-01-06,1974-01-06
266,1974-01-07,1974-01-07
269,1974-01-12,1974-01-12
272,1974-01-13,1974-01-13
280,1974-01-14,1974-01-14
283,1974-01-16,1974-01-16
291,1974-01-17,1974-01-17
295,1974-01-18,1974-01-18
310,1974-01-19,1974-01-19
320,1974-01-20,1974-01-20
323,1974-01-22,1974-01-22
324,1974-01-23,1974-01-23
338,1974-01-24,1974-01-24
377,1974-01-25,1974-01-25
407,1974-01-26,1974-01-26
439,1974-01-27,1974-01-27
458,1974-01-28,1974-01-28
492,1974-01-29,1974-01-29
520,1974-01-30,1974-01-30
526,1974-01-31,1974-01-31
534,1974-02-01,1974-02-01
551,1974-02-02,1974-02-02
567,1974-02-03,1974-02-03
577,1974-02-08,1974-02-08
578,1974-02-09,1974-02-09
597,1974-02-10,1974-02-10
608,1974-02-11,1974-02-11
619,1974-02-12,1974-02-12
641,1974-02-13,1974-02-13
660,1974-02-24,1974-02-24
661,1974-02-25,1974-02-25
663,1974-02-26,1974-02-26
702,1974-02-27,1974-02-27
718,1974-02-28,1974-02-28
724,1974-03-12,1974-03-12
725,1974-03-13,1974-03-13
729,1974-11-14,1974-11-14
730,1974-11-15,1974-11-15
731,1974-12-04,1974-12-04
732,1974-12-05,1974-12-05
733,1974-12-06,1974-12-06
738,1974-12-07,1974-12-07
739,1974-12-08,1974-12-08
740,1974-12-09,1974-12-09
741,1974-12-12,1974-12-12
742,1974-12-14,1974-12-14
743,1974-12-15,1974-12-15
758,1974-12-16,1974-12-16
760,1974-12-19,1974-12-19
771,1974-12-20,1974-12-20
776,1974-12-21,1974-12-21
785,1974-12-22,1974-12-22
791,1974-12-23,1974-12-23
798,1974-12-25,1974-12-25
802,1974-12-26,1974-12-26
806,1974-12-27,1974-12-27
808,1975-01-03,1975-01-03
809,1975-01-06,1975-01-06
810,1975-01-10,1975-01-10
811,1975-01-11,1975-01-11
815,1975-01-12,1975-01-12
826,1975-01-13,1975-01-13
830,1975-01-14,1975-01-14
842,1975-01-16,1975-01-16
846,1975-01-17,1975-01-17
858,1975-01-18,1975-01-18
870,1975-01-19,1975-01-19
880,1975-01-20,1975-01-20
898,1975-01-21,1975-01-21
909,1975-01-28,1975-01-28
910,1975-01-29,1975-01-29
923,1975-01-30,1975-01-30
926,1975-01-31,1975-01-31
940,1975-02-08,1975-02-08
942,1975-02-09,1975-02-09
946,1975-02-10,1975-02-10
949,1975-02-11,1975-02-11
957,1975-02-16,1975-02-16
960,1975-02-17,1975-02-17
964,1975-02-18,1975-02-18
966,1975-02-19,1975-02-19
968,1975-02-21,1975-02-21
969,1975-02-22,1975-02-22
974,1975-02-23,1975-02-23
989,1975-02-26,1975-02-26
990,1975-03-13,1975-03-13
991,1975-03-25,1975-03-25
992,1975-11-30,1975-11-30
993,1975-12-11,1975-12-11
995,1975-12-12,1975-12-12
1001,1975-12-13,1975-12-13
1009,1975-12-14,1975-12-14
1014,1975-12-15,1975-12-15
1021,1975-12-16,1975-12-16
1023,1975-12-17,1975-12-17
1038,1975-12-18,1975-12-18
1046,1975-12-19,1975-12-19
1050,1975-12-22,1975-12-22
1051,1975-12-23,1975-12-23
1068,1975-12-24,1975-12-24
1094,1975-12-25,1975-12-25
1101,1975-12-26,1975-12-26
1118,1975-12-27,1975-12-27
1133,1975-12-28,1975-12-28
1150,1975-12-29,1975-12-29
1164,1975-12-30,1975-12-30
1170,1975-12-31,1975-12-31
1174,1976-01-06,1976-01-06
1178,1976-01-09,1976-01-09
1180,1976-01-10,1976-01-10
1205,1976-01-11,1976-01-11
1217,1976-01-12,1976-01-12
1245,1976-01-13,1976-01-13
1251,1976-01-15,1976-01-15
1271,1976-01-16,1976-01-16
1286,1976-01-18,1976-01-18
1293,1976-01-19,1976-01-19
1303,1976-01-20,1976-01-20
1341,1976-01-21,1976-01-21
1376,1976-01-22,1976-01-22
1395,1976-01-23,1976-01-23
1431,1976-01-24,1976-01-24
1464,1976-01-26,1976-01-26
1466,1976-01-27,1976-01-27
1486,1976-01-28,1976-01-28
1494,1976-01-30,1976-01-30
1509,1976-01-31,1976-01-31
1511,1976-02-06,1976-02-06
1512,1976-02-07,1976-02-07
1513,1976-02-11,1976-02-11
1514,1976-02-12,1976-02-12
1515,1976-02-20,1976-02-20
1516,1976-02-21,1976-02-21
1517,1976-02-24,1976-02-24
1518,1976-02-26,1976-02-26
1519,1976-02-27,1976-02-27
1520,1976-03-04,1976-03-04
1521,1976-03-20,1976-03-20
1522,1976-03-24,1976-03-24
1523,1976-11-23,1976-11-23
1524,1976-11-24,1976-11-24
1525,1976-11-27,1976-11-27
1526,1976-11-29,1976-11-29
1527,1976-11-30,1976-11-30
1528,1976-12-09,1976-12-09
1536,1976-12-12,1976-12-12
1537,1976-12-19,1976-12-19
1538,1976-12-26,1976-12-26
1558,1976-12-27,1976-12-27
1598,1976-12-28,1976-12-28
1627,1976-12-29,1976-12-29
1662,1976-12-30,1976-12-30
1676,1976-12-31,1976-12-31
1698,1977-01-01,1977-01-01
1735,1977-01-02,1977-01-02
1763,1977-01-03,1977-01-03
1787,1977-01-04,1977-01-04
1824,1977-01-05,1977-01-05
1838,1977-01-06,1977-01-06
1867,1977-01-07,1977-01-07
1869,1977-01-08,1977-01-08
1870,1977-01-10,1977-01-10
1871,1977-01-12,1977-01-12
1882,1977-01-13,1977-01-13
1896,1977-01-14,1977-01-14
1926,1977-01-15,1977-01-15
1931,1977-01-16,1977-01-16
1945,1977-01-17,1977-01-17
1965,1977-01-18,1977-01-18
1974,1977-01-19,1977-01-19
1992,1977-01-20,1977-01-20
2006,1977-01-21,1977-01-21
2016,1977-01-22,1977-01-22
2027,1977-01-23,1977-01-23
2045,1977-01-24,1977-01-24
2061,1977-01-27,1977-01-27
2067,1977-01-28,1977-01-28
2091,1977-01-29,1977-01-29
2127,1977-01-30,1977-01-30
2151,1977-01-31,1977-01-31
2189,1977-02-01,1977-02-01
2214,1977-02-02,1977-02-02
2236,1977-02-03,1977-02-03
2264,1977-02-04,1977-02-04
2283,1977-02-05,1977-02-05
2310,1977-02-06,1977-02-06
2339,1977-02-07,1977-02-07
2358,1977-02-08,1977-02-08
2368,1977-02-11,1977-02-11
2377,1977-02-14,1977-02-14
2378,1977-02-15,1977-02-15
2388,1977-02-16,1977-02-16
2436,1977-02-17,1977-02-17
2483,1977-02-18,1977-02-18
2515,1977-02-19,1977-02-19
2539,1977-02-22,1977-02-22
2556,1977-03-04,1977-03-04
2561,1977-03-05,1977-03-05
2571,1977-11-30,1977-11-30
2574,1977-12-01,1977-12-01
2575,1977-12-21,1977-12-21
2576,1977-12-22,1977-12-22
2581,1977-12-23,1977-12-23
2582,1977-12-26,1977-12-26
2594,1977-12-27,1977-12-27
2595,1977-12-28,1977-12-28
2598,1978-01-03,1978-01-03
2599,1978-01-04,1978-01-04
2603,1978-01-05,1978-01-05
2604,1978-01-10,1978-01-10
2609,1978-01-16,1978-01-16
2614,1978-01-17,1978-01-17
2618,1978-01-19,1978-01-19
2624,1978-01-20,1978-01-20
2634,1978-01-21,1978-01-21
2635,1978-01-22,1978-01-22
2657,1978-01-23,1978-01-23
2670,1978-01-28,1978-01-28
2671,1978-01-31,1978-01-31
2699,1978-02-01,1978-02-01
2728,1978-02-02,1978-02-02
2757,1978-02-03,1978-02-03
2783,1978-02-04,1978-02-04
2794,1978-02-13,1978-02-13
2796,1978-02-14,1978-02-14
2797,1978-02-15,1978-02-15
2821,1978-02-16,1978-02-16
2844,1978-02-17,1978-02-17
2857,1978-02-18,1978-02-18
2878,1978-02-20,1978-02-20
2879,1978-02-22,1978-02-22
2880,1978-02-24,1978-02-24
2881,1978-03-01,1978-03-01
2890,1978-03-05,1978-03-05
2891,1978-03-11,1978-03-11
2892,1978-03-12,1978-03-12
2893,1978-03-13,1978-03-13
2894,1978-03-15,1978-03-15
2895,1978-11-29,1978-11-29
2897,1978-12-19,1978-12-19
2898,1978-12-20,1978-12-20
2900,1978-12-21,1978-12-21
2904,1978-12-23,1978-12-23
2905,1978-12-24,1978-12-24
2908,1978-12-30,1978-12-30
2925,1978-12-31,1978-12-31
2940,1979-01-01,1979-01-01
2950,1979-01-02,1979-01-02
2955,1979-01-06,1979-01-06
2956,1979-01-14,1979-01-14
2957,1979-01-15,1979-01-15
2963,1979-01-16,1979-01-16
2970,1979-01-19,1979-01-19
2982,1979-01-20,1979-01-20
2983,1979-01-22,1979-01-22
2996,1979-02-01,1979-02-01
2998,1979-02-02,1979-02-02
3021,1979-02-03,1979-02-03
3033,1979-02-04,1979-02-04
3043,1979-02-05,1979-02-05
3056,1979-02-15,1979-02-15
3057,1979-02-28,1979-02-28
3058,1979-03-01,1979-03-01
3059,1979-03-02,1979-03-02
3060,1979-03-03,1979-03-03
3061,1979-03-04,1979-03-04
3062,1979-04-30,1979-04-30
3063,1979-11-14,1979-11-14
3071,1979-11-24,1979-11-24
3072,1979-11-30,1979-11-30
3073,1979-12-03,1979-12-03
3074,1979-12-11,1979-12-11
3075,1979-12-12,1979-12-12
3076,1979-12-13,1979-12-13
3077,1979-12-17,1979-12-17
3078,1979-12-22,1979-12-22
3079,1979-12-24,1979-12-24
3084,1979-12-25,1979-12-25
3087,1979-12-26,1979-12-26
3095,1979-12-27,1979-12-27
3102,1979-12-28,1979-12-28
3114,1979-12-29,1979-12-29
3116,1980-01-05,1980-01-05
3120,1980-01-07,1980-01-07
3133,1980-01-08,1980-01-08
3140,1980-01-10,1980-01-10
3141,1980-01-11,1980-01-11
3158,1980-01-12,1980-01-12
3172,1980-01-14,1980-01-14
3183,1980-01-15,1980-01-15
3197,1980-01-16,1980-01-16
3217,1980-01-17,1980-01-17
3232,1980-01-18,1980-01-18
3270,1980-01-19,1980-01-19
3272,1980-01-20,1980-01-20
3274,1980-01-21,1980-01-21
3286,1980-01-22,1980-01-22
3302,1980-01-23,1980-01-23
3314,1980-01-24,1980-01-24
3322,1980-01-25,1980-01-25
3339,1980-01-26,1980-01-26
3348,1980-01-30,1980-01-30
3354,1980-01-31,1980-01-31
3375,1980-02-01,1980-02-01
3399,1980-02-02,1980-02-02
3407,1980-02-03,1980-02-03
3410,1980-02-04,1980-02-04
3425,1980-02-05,1980-02-05
3451,1980-02-06,1980-02-06
3480,1980-02-07,1980-02-07
3515,1980-02-08,1980-02-08
3546,1980-02-09,1980-02-09
3580,1980-02-10,1980-02-10
3594,1980-02-11,1980-02-11
3595,1980-02-12,1980-02-12
3601,1980-02-13,1980-02-13
3611,1980-02-14,1980-02-14
3624,1980-02-15,1980-02-15
3632,1980-02-16,1980-02-16
3644,1980-02-17,1980-02-17
3657,1980-02-18,1980-02-18
3659,1980-02-21,1980-02-21
3661,1980-02-22,1980-02-22
3662,1980-03-12,1980-03-12
3663,1980-12-04,1980-12-04
3675,1980-12-05,1980-12-05
3683,1980-12-12,1980-12-12
3684,1980-12-13,1980-12-13
3707,1980-12-14,1980-12-14
3714,1980-12-15,1980-12-15
3731,1980-12-16,1980-12-16
3739,1980-12-17,1980-12-17
3745,1980-12-18,1980-12-18
3746,1980-12-19,1980-12-19
3751,1980-12-20,1980-12-20
3752,1980-12-21,1980-12-21
3770,1980-12-22,1980-12-22
3781,1980-12-24,1980-12-24
3782,1980-12-25,1980-12-25
3783,1980-12-26,1980-12-26
3784,1980-12-27,1980-12-27
3801,1980-12-28,1980-12-28
3820,1980-12-29,1980-12-29
3840,1980-12-30,1980-12-30
3867,1980-12-31,1980-12-31
3889,1981-01-01,1981-01-01
3899,1981-01-02,1981-01-02
3900,1981-01-03,1981-01-03
3913,1981-01-04,1981-01-04
3942,1981-01-05,1981-01-05
3965,1981-01-06,1981-01-06
3993,1981-01-07,1981-01-07
4018,1981-01-08,1981-01-08
4040,1981-01-09,1981-01-09
4045,1981-01-10,1981-01-10
4050,1981-01-11,1981-01-11
4062,1981-01-12,1981-01-12
4082,1981-01-13,1981-01-13
4098,1981-01-14,1981-01-14
4130,1981-01-15,1981-01-15
4132,1981-01-16,1981-01-16
4142,1981-01-17,1981-01-17
4176,1981-01-18,1981-01-18
4186,1981-01-19,1981-01-19
4192,1981-01-20,1981-01-20
4211,1981-01-21,1981-01-21
4229,1981-01-22,1981-01-22
4259,1981-01-23,1981-01-23
4293,1981-01-25,1981-01-25
4306,1981-01-26,1981-01-26
4330,1981-01-27,1981-01-27
4365,1981-01-28,1981-01-28
4390,1981-01-29,1981-01-29
4409,1981-01-30,1981-01-30
4432,1981-01-31,1981-01-31
4452,1981-02-02,1981-02-02
4473,1981-02-03,1981-02-03
4478,1981-02-04,1981-02-04
4498,1981-02-05,1981-02-05
4520,1981-02-06,1981-02-06
4536,1981-02-08,1981-02-08
4538,1981-02-09,1981-02-09
4540,1981-02-11,1981-02-11
4547,1981-02-12,1981-02-12
4548,1981-02-25,1981-02-25
4549,1981-02-26,1981-02-26
4589,1981-02-27,1981-02-27
4625,1981-02-28,1981-02-28
4630,1981-03-01,1981-03-01
4631,1981-03-02,1981-03-02
4633,1981-11-08,1981-11-08
4634,1981-11-09,1981-11-09
4635,1981-11-28,1981-11-28
4636,1981-11-29,1981-11-29
4637,1981-11-30,1981-11-30
4638,1981-12-02,1981-12-02
4663,1981-12-03,1981-12-03
4682,1981-12-10,1981-12-10
4683,1981-12-14,1981-12-14
4688,1981-12-15,1981-12-15
4699,1981-12-16,1981-12-16
4702,1981-12-17,1981-12-17
4709,1981-12-18,1981-12-18
4710,1981-12-20,1981-12-20
4711,1981-12-21,1981-12-21
4715,1981-12-24,1981-12-24
4716,1981-12-30,1981-12-30
4717,1982-01-03,1982-01-03
4718,1982-01-07,1982-01-07
4719,1982-01-10,1982-01-10
4720,1982-01-12,1982-01-12
4724,1982-01-13,1982-01-13
4744,1982-01-14,1982-01-14
4763,1982-01-15,1982-01-15
4772,1982-01-16,1982-01-16
4786,1982-01-17,1982-01-17
4811,1982-01-18,1982-01-18
4813,1982-01-19,1982-01-19
4825,1982-01-20,1982-01-20
4853,1982-01-21,1982-01-21
4857,1982-01-25,1982-01-25
4858,1982-01-28,1982-01-28
4869,1982-01-29,1982-01-29
4904,1982-01-30,1982-01-30
4934,1982-01-31,1982-01-31
4944,1982-02-02,1982-02-02
4963,1982-02-05,1982-02-05
4964,1982-02-06,1982-02-06
4973,1982-02-07,1982-02-07
4996,1982-02-08,1982-02-08
5013,1982-02-09,1982-02-09
5021,1982-02-10,1982-02-10
5033,1982-02-11,1982-02-11
5050,1982-02-12,1982-02-12
5055,1982-02-13,1982-02-13
5056,1982-02-16,1982-02-16
5057,1982-02-26,1982-02-26
5058,1982-03-02,1982-03-02
5059,1982-03-07,1982-03-07
5060,1982-03-18,1982-03-18
5061,1982-11-25,1982-11-25
5062,1982-11-26,1982-11-26
5063,1982-11-27,1982-11-27
5064,1982-12-06,1982-12-06
5068,1982-12-07,1982-12-07
5070,1982-12-12,1982-12-12
5071,1982-12-13,1982-12-13
5077,1982-12-14,1982-12-14
5085,1982-12-15,1982-12-15
5087,1982-12-18,1982-12-18
5099,1982-12-19,1982-12-19
5109,1982-12-25,1982-12-25
5110,1982-12-31,1982-12-31
5111,1983-01-01,1983-01-01
5112,1983-01-03,1983-01-03
5113,1983-01-08,1983-01-08
5114,1983-01-09,1983-01-09
5138,1983-01-10,1983-01-10
5151,1983-01-11,1983-01-11
5172,1983-01-12,1983-01-12
5176,1983-01-13,1983-01-13
5177,1983-01-14,1983-01-14
5188,1983-01-15,1983-01-15
5189,1983-01-19,1983-01-19
5190,1983-01-20,1983-01-20
5205,1983-01-21,1983-01-21
5229,1983-01-22,1983-01-22
5257,1983-01-23,1983-01-23
5276,1983-01-24,1983-01-24
5277,1983-01-26,1983-01-26
5278,1983-01-31,1983-01-31
5279,1983-02-04,1983-02-04
5280,1983-02-08,1983-02-08
5282,1983-02-09,1983-02-09
5290,1983-02-10,1983-02-10
5310,1983-02-11,1983-02-11
5316,1983-02-12,1983-02-12
5334,1983-02-13,1983-02-13
5362,1983-02-14,1983-02-14
5385,1983-02-16,1983-02-16
5386,1983-02-17,1983-02-17
5387,1983-02-18,1983-02-18
5388,1983-02-19,1983-02-19
5398,1983-02-20,1983-02-20
5408,1983-02-21,1983-02-21
5429,1983-02-22,1983-02-22
5441,1983-02-23,1983-02-23
5442,1983-02-24,1983-02-24
5444,1983-02-25,1983-02-25
5446,1983-02-26,1983-02-26
5448,1983-02-27,1983-02-27
5449,1983-03-05,1983-03-05
5450,1983-03-06,1983-03-06
5451,1983-03-08,1983-03-08
5452,1983-03-14,1983-03-14
5453,1983-11-27,1983-11-27
5454,1983-11-28,1983-11-28
5455,1983-12-04,1983-12-04
5456,1983-12-06,1983-12-06
5457,1983-12-07,1983-12-07
5458,1983-12-16,1983-12-16
5460,1983-12-17,1983-12-17
5461,1983-12-18,1983-12-18
5483,1983-12-19,1983-12-19
5485,1983-12-20,1983-12-20
5494,1983-12-21,1983-12-21
5501,1983-12-23,1983-12-23
5506,1983-12-24,1983-12-24
5522,1983-12-25,1983-12-25
5547,1983-12-26,1983-12-26
5579,1983-12-27,1983-12-27
5588,1983-12-28,1983-12-28
5601,1983-12-29,1983-12-29
5617,1983-12-30,1983-12-30
5631,1983-12-31,1983-12-31
5647,1984-01-01,1984-01-01
5657,1984-01-04,1984-01-04
5663,1984-01-05,1984-01-05
5689,1984-01-06,1984-01-06
5723,1984-01-07,1984-01-07
5746,1984-01-08,1984-01-08
5756,1984-01-09,1984-01-09
5765,1984-01-11,1984-01-11
5775,1984-01-12,1984-01-12
5792,1984-01-13,1984-01-13
5795,1984-01-14,1984-01-14
5811,1984-01-16,1984-01-16
5832,1984-01-17,1984-01-17
5857,1984-01-18,1984-01-18
5876,1984-01-19,1984-01-19
5887,1984-01-20,1984-01-20
5918,1984-01-21,1984-01-21
5933,1984-01-22,1984-01-22
5938,1984-01-23,1984-01-23
5967,1984-01-24,1984-01-24
5989,1984-01-25,1984-01-25
6003,1984-01-26,1984-01-26
6027,1984-01-27,1984-01-27
6051,1984-01-28,1984-01-28
6068,1984-01-29,1984-01-29
6105,1984-01-30,1984-01-30
6107,1984-02-01,1984-02-01
6128,1984-02-02,1984-02-02
6140,1984-02-03,1984-02-03
6179,1984-02-04,1984-02-04
6192,1984-02-05,1984-02-05
6195,1984-02-06,1984-02-06
6220,1984-02-07,1984-02-07
6261,1984-02-08,1984-02-08
6293,1984-02-09,1984-02-09
6314,1984-02-10,1984-02-10
6345,1984-02-11,1984-02-11
6354,1984-02-13,1984-02-13
6358,1984-02-14,1984-02-14
6359,1984-02-15,1984-02-15
6365,1984-02-16,1984-02-16
6384,1984-02-18,1984-02-18
6393,1984-02-19,1984-02-19
6404,1984-02-20,1984-02-20
6409,1984-02-21,1984-02-21
6410,1984-02-27,1984-02-27
6411,1984-02-28,1984-02-28
6416,1984-02-29,1984-02-29
6419,1984-03-01,1984-03-01
6420,1984-03-03,1984-03-03
6423,1984-03-04,1984-03-04
6430,1984-03-05,1984-03-05
6435,1984-03-06,1984-03-06
6436,1984-03-07,1984-03-07
6437,1984-03-11,1984-03-11
6438,1984-03-22,1984-03-22
6439,1984-03-26,1984-03-26
6440,1984-11-03,1984-11-03
6441,1984-11-22,1984-11-22
6442,1984-12-06,1984-12-06
6443,1984-12-19,1984-12-19
6445,1984-12-20,1984-12-20
6446,1984-12-22,1984-12-22
6450,1984-12-23,1984-12-23
6465,1984-12-24,1984-12-24
6481,1984-12-25,1984-12-25
6507,1984-12-26,1984-12-26
6510,1984-12-27,1984-12-27
6513,1984-12-28,1984-12-28
6526,1984-12-29,1984-12-29
6549,1984-12-30,1984-12-30
6571,1985-01-01,1985-01-01
6574,1985-01-02,1985-01-02
6575,1985-01-03,1985-01-03
6577,1985-01-04,1985-01-04
6580,1985-01-05,1985-01-05
6598,1985-01-06,1985-01-06
6603,1985-01-07,1985-01-07
6619,1985-01-08,1985-01-08
6646,1985-01-09,1985-01-09
6665,1985-01-10,1985-01-10
6668,1985-01-11,1985-01-11
6697,1985-01-13,1985-01-13
6720,1985-01-14,1985-01-14
6754,1985-01-15,1985-01-15
6786,1985-01-16,1985-01-16
6804,1985-01-17,1985-01-17
6841,1985-01-18,1985-01-18
6872,1985-01-19,1985-01-19
6873,1985-01-21,1985-01-21
6894,1985-01-23,1985-01-23
6904,1985-01-25,1985-01-25
6926,1985-01-26,1985-01-26
6928,1985-01-28,1985-01-28
6938,1985-01-29,1985-01-29
6967,1985-01-30,1985-01-30
7009,1985-01-31,1985-01-31
7031,1985-02-02,1985-02-02
7036,1985-02-14,1985-02-14
7042,1985-02-17,1985-02-17
7043,1985-02-21,1985-02-21
7046,1985-02-22,1985-02-22
7053,1985-02-23,1985-02-23
7064,1985-02-24,1985-02-24
7080,1985-02-25,1985-02-25
7090,1985-02-26,1985-02-26
7091,1985-02-27,1985-02-27
7092,1985-03-10,1985-03-10
7093,1985-03-12,1985-03-12
7094,1985-12-07,1985-12-07
7095,1985-12-09,1985-12-09
7104,1985-12-10,1985-12-10
7124,1985-12-11,1985-12-11
7126,1985-12-12,1985-12-12
7137,1985-12-15,1985-12-15
7150,1985-12-16,1985-12-16
7171,1985-12-17,1985-12-17
7189,1985-12-18,1985-12-18
7215,1985-12-19,1985-12-19
7217,1985-12-20,1985-12-20
7231,1985-12-21,1985-12-21
7245,1985-12-24,1985-12-24
7268,1985-12-26,1985-12-26
7274,1985-12-27,1985-12-27
7275,1985-12-28,1985-12-28
7277,1986-01-01,1986-01-01
7282,1986-01-02,1986-01-02
7312,1986-01-03,1986-01-03
7318,1986-01-04,1986-01-04
7324,1986-01-05,1986-01-05
7357,1986-01-06,1986-01-06
7391,1986-01-07,1986-01-07
7398,1986-01-08,1986-01-08
7404,1986-01-09,1986-01-09
7427,1986-01-10,1986-01-10
7449,1986-01-11,1986-01-11
7481,1986-01-12,1986-01-12
7521,1986-01-14,1986-01-14
7542,1986-01-15,1986-01-15
7548,1986-01-16,1986-01-16
7550,1986-01-22,1986-01-22
7556,1986-01-23,1986-01-23
7564,1986-01-24,1986-01-24
7572,1986-01-25,1986-01-25
7581,1986-01-26,1986-01-26
7596,1986-01-27,1986-01-27
7612,1986-01-28,1986-01-28
7613,1986-01-29,1986-01-29
7616,1986-02-01,1986-02-01
7629,1986-02-02,1986-02-02
7644,1986-02-03,1986-02-03
7653,1986-02-04,1986-02-04
7675,1986-02-05,1986-02-05
7693,1986-02-06,1986-02-06
7718,1986-02-07,1986-02-07
7741,1986-02-08,1986-02-08
7759,1986-02-09,1986-02-09
7771,1986-02-10,1986-02-10
7790,1986-02-11,1986-02-11
7799,1986-02-12,1986-02-12
7810,1986-02-16,1986-02-16
7813,1986-02-17,1986-02-17
7815,1986-02-21,1986-02-21
7816,1986-02-24,1986-02-24
7822,1986-02-25,1986-02-25
7824,1986-02-27,1986-02-27
7829,1986-02-28,1986-02-28
7845,1986-03-01,1986-03-01
7846,1986-03-02,1986-03-02
7849,1986-11-27,1986-11-27
7851,1986-11-29,1986-11-29
7852,1986-12-22,1986-12-22
7853,1986-12-26,1986-12-26
7856,1986-12-27,1986-12-27
7857,1986-12-28,1986-12-28
7858,1986-12-29,1986-12-29
7866,1987-01-01,1987-01-01
7867,1987-01-04,1987-01-04
7875,1987-01-10,1987-01-10
7881,1987-01-11,1987-01-11
7892,1987-01-12,1987-01-12
7893,1987-01-13,1987-01-13
7916,1987-01-14,1987-01-14
7945,1987-01-18,1987-01-18
7950,1987-01-19,1987-01-19
7955,1987-01-20,1987-01-20
7964,1987-01-21,1987-01-21
7970,1987-01-22,1987-01-22
7971,1987-01-24,1987-01-24
7972,1987-01-25,1987-01-25
7981,1987-01-26,1987-01-26
7994,1987-01-31,1987-01-31
8001,1987-02-01,1987-02-01
8022,1987-02-02,1987-02-02
8023,1987-02-03,1987-02-03
8025,1987-02-04,1987-02-04
8043,1987-02-05,1987-02-05
8054,1987-02-06,1987-02-06
8056,1987-02-15,1987-02-15
8057,1987-02-16,1987-02-16
8058,1987-02-25,1987-02-25
8060,1987-02-26,1987-02-26
8063,1987-02-27,1987-02-27
8065,1987-02-28,1987-02-28
8066,1987-03-02,1987-03-02
8070,1987-11-29,1987-11-29
8071,1987-11-30,1987-11-30
8075,1987-12-01,1987-12-01
8080,1987-12-02,1987-12-02
8093,1987-12-04,1987-12-04
8100,1987-12-07,1987-12-07
8101,1987-12-12,1987-12-12
8111,1987-12-13,1987-12-13
8117,1987-12-14,1987-12-14
8119,1987-12-31,1987-12-31
8134,1988-01-03,1988-01-03
8135,1988-01-05,1988-01-05
8140,1988-01-06,1988-01-06
8145,1988-01-09,1988-01-09
8146,1988-01-10,1988-01-10
8164,1988-01-11,1988-01-11
8182,1988-01-17,1988-01-17
8189,1988-01-20,1988-01-20
8192,1988-01-23,1988-01-23
8194,1988-01-24,1988-01-24
8220,1988-01-25,1988-01-25
8233,1988-01-26,1988-01-26
8239,1988-01-27,1988-01-27
8248,1988-01-28,1988-01-28
8255,1988-01-30,1988-01-30
8262,1988-01-31,1988-01-31
8271,1988-02-01,1988-02-01
8279,1988-02-02,1988-02-02
8280,1988-02-03,1988-02-03
8303,1988-02-04,1988-02-04
8327,1988-02-07,1988-02-07
8344,1988-02-08,1988-02-08
8366,1988-02-09,1988-02-09
8379,1988-02-10,1988-02-10
8397,1988-02-11,1988-02-11
8411,1988-02-12,1988-02-12
8417,1988-02-15,1988-02-15
8428,1988-02-16,1988-02-16
8442,1988-02-17,1988-02-17
8457,1988-02-18,1988-02-18
8471,1988-02-19,1988-02-19
8492,1988-02-21,1988-02-21
8493,1988-03-03,1988-03-03
8494,1988-03-04,1988-03-04
8500,1988-03-06,1988-03-06
8501,1988-03-07,1988-03-07
8502,1988-11-26,1988-11-26
8503,1988-12-05,1988-12-05
8504,1988-12-06,1988-12-06
8505,1988-12-15,1988-12-15
8511,1988-12-16,1988-12-16
8533,1988-12-17,1988-12-17
8545,1988-12-22,1988-12-22
8551,1988-12-23,1988-12-23
8559,1988-12-25,1988-12-25
8561,1988-12-26,1988-12-26
8572,1988-12-27,1988-12-27
8577,1988-12-28,1988-12-28
8579,1988-12-30,1988-12-30
8582,1989-01-01,1989-01-01
8584,1989-01-02,1989-01-02
8591,1989-01-04,1989-01-04
8600,1989-01-05,1989-01-05
8619,1989-01-14,1989-01-14
8623,1989-01-17,1989-01-17
8625,1989-01-25,1989-01-25
8626,1989-01-27,1989-01-27
8628,1989-01-28,1989-01-28
8644,1989-01-29,1989-01-29
8667,1989-01-30,1989-01-30
8680,1989-01-31,1989-01-31
8681,1989-02-02,1989-02-02
8691,1989-02-03,1989-02-03
8708,1989-02-04,1989-02-04
8717,1989-02-05,1989-02-05
8719,1989-02-11,1989-02-11
8720,1989-02-12,1989-02-12
8722,1989-02-14,1989-02-14
8723,1989-03-08,1989-03-08
8725,1989-11-29,1989-11-29
8726,1989-11-30,1989-11-30
8727,1989-12-01,1989-12-01
8729,1989-12-27,1989-12-27
8730,1989-12-28,1989-12-28
8736,1989-12-30,1989-12-30
8738,1989-12-31,1989-12-31
8749,1990-01-01,1990-01-01
8751,1990-01-02,1990-01-02
8754,1990-01-03,1990-01-03
8765,1990-01-04,1990-01-04
8784,1990-01-06,1990-01-06
8787,1990-01-07,1990-01-07
8800,1990-01-08,1990-01-08
8812,1990-01-14,1990-01-14
8817,1990-01-16,1990-01-16
8826,1990-01-17,1990-01-17
8828,1990-01-20,1990-01-20
8848,1990-01-21,1990-01-21
8870,1990-01-22,1990-01-22
8871,1990-01-23,1990-01-23
8910,1990-01-24,1990-01-24
8948,1990-01-25,1990-01-25
8997,1990-01-26,1990-01-26
9042,1990-01-27,1990-01-27
9078,1990-01-28,1990-01-28
9088,1990-02-02,1990-02-02
9093,1990-02-07,1990-02-07
9097,1990-02-13,1990-02-13
9101,1990-03-08,1990-03-08
9102,1990-12-03,1990-12-03
9103,1990-12-13,1990-12-13
9104,1990-12-15,1990-12-15
9105,1990-12-17,1990-12-17
9106,1990-12-19,1990-12-19
9111,1990-12-23,1990-12-23
9112,1990-12-24,1990-12-24
9119,1990-12-25,1990-12-25
9126,1990-12-26,1990-12-26
9129,1990-12-27,1990-12-27
9158,1990-12-28,1990-12-28
9174,1990-12-29,1990-12-29
9187,1990-12-30,1990-12-30
9202,1990-12-31,1990-12-31
9203,1991-01-02,1991-01-02
9204,1991-01-03,1991-01-03
9219,1991-01-04,1991-01-04
9230,1991-01-05,1991-01-05
9248,1991-01-06,1991-01-06
9270,1991-01-07,1991-01-07
9271,1991-01-08,1991-01-08
9286,1991-01-09,1991-01-09
9313,1991-01-11,1991-01-11
9317,1991-01-12,1991-01-12
9323,1991-01-13,1991-01-13
9336,1991-01-14,1991-01-14
9355,1991-01-15,1991-01-15
9377,1991-01-16,1991-01-16
9389,1991-01-18,1991-01-18
9403,1991-01-19,1991-01-19
9415,1991-01-20,1991-01-20
9418,1991-01-26,1991-01-26
9424,1991-01-27,1991-01-27
9434,1991-01-28,1991-01-28
9438,1991-01-29,1991-01-29
9441,1991-01-30,1991-01-30
9442,1991-01-31,1991-01-31
9447,1991-02-01,1991-02-01
9450,1991-02-02,1991-02-02
9458,1991-02-03,1991-02-03
9463,1991-02-05,1991-02-05
9473,1991-02-06,1991-02-06
9478,1991-02-13,1991-02-13
9479,1991-02-20,1991-02-20
9483,1991-02-21,1991-02-21
9484,1991-02-22,1991-02-22
9490,1991-02-23,1991-02-23
9538,1991-02-24,1991-02-24
9579,1991-02-25,1991-02-25
9607,1991-02-26,1991-02-26
9610,1991-03-15,1991-03-15
9612,1991-04-01,1991-04-01
9613,1991-12-10,1991-12-10
9614,1991-12-12,1991-12-12
9620,1991-12-13,1991-12-13
9629,1991-12-29,1991-12-29
9641,1991-12-30,1991-12-30
9662,1991-12-31,1991-12-31
9665,1992-01-03,1992-01-03
9666,1992-01-04,1992-01-04
9674,1992-01-11,1992-01-11
9676,1992-01-15,1992-01-15
9680,1992-01-17,1992-01-17
9681,1992-01-18,1992-01-18
9687,1992-01-19,1992-01-19
9703,1992-01-20,1992-01-20
9722,1992-01-21,1992-01-21
9723,1992-01-23,1992-01-23
9726,1992-01-24,1992-01-24
9731,1992-01-26,1992-01-26
9734,1992-01-28,1992-01-28
9737,1992-02-01,1992-02-01
9738,1992-02-02,1992-02-02
9742,1992-02-05,1992-02-05
9748,1992-02-06,1992-02-06
9752,1992-02-07,1992-02-07
9763,1992-02-08,1992-02-08
9773,1992-02-09,1992-02-09
9787,1992-02-11,1992-02-11
9793,1992-02-12,1992-02-12
9794,1992-02-13,1992-02-13
9795,1992-02-16,1992-02-16
9796,1992-02-17,1992-02-17
9801,1992-02-19,1992-02-19
9807,1992-02-20,1992-02-20
9819,1992-02-21,1992-02-21
9821,1992-02-22,1992-02-22
9825,1992-03-07,1992-03-07
9827,1992-11-26,1992-11-26
9828,1992-11-27,1992-11-27
9837,1992-12-11,1992-12-11
9838,1992-12-14,1992-12-14
9841,1992-12-15,1992-12-15
9851,1992-12-17,1992-12-17
9852,1992-12-18,1992-12-18
9853,1992-12-23,1992-12-23
9854,1992-12-24,1992-12-24
9859,1992-12-25,1992-12-25
9880,1992-12-26,1992-12-26
9884,1992-12-31,1992-12-31
9886,1993-01-01,1993-01-01
9887,1993-01-04,1993-01-04
9890,1993-01-05,1993-01-05
9895,1993-01-06,1993-01-06
9896,1993-01-12,1993-01-12
9899,1993-01-13,1993-01-13
9900,1993-01-16,1993-01-16
9905,1993-01-17,1993-01-17
9918,1993-01-18,1993-01-18
9934,1993-01-19,1993-01-19
9960,1993-01-20,1993-01-20
9981,1993-01-21,1993-01-21
10016,1993-01-22,1993-01-22
10044,1993-01-23,1993-01-23
10053,1993-01-24,1993-01-24
10059,1993-01-27,1993-01-27
10061,1993-01-28,1993-01-28
10067,1993-01-29,1993-01-29
10082,1993-01-30,1993-01-30
10085,1993-02-01,1993-02-01
10087,1993-02-02,1993-02-02
10092,1993-02-03,1993-02-03
10096,1993-02-08,1993-02-08
10097,1993-02-10,1993-02-10
10098,1993-02-14,1993-02-14
10100,1993-02-19,1993-02-19
10101,1993-02-20,1993-02-20
10102,1993-02-23,1993-02-23
10104,1993-02-24,1993-02-24
10109,1993-02-25,1993-02-25
10117,1993-02-26,1993-02-26
10119,1993-03-01,1993-03-01
10120,1993-03-02,1993-03-02
10127,1993-03-08,1993-03-08
10129,1993-03-09,1993-03-09
10130,1993-03-17,1993-03-17
10131,1993-11-22,1993-11-22
10132,1993-11-24,1993-11-24
10137,1993-12-04,1993-12-04
10138,1993-12-15,1993-12-15
10150,1993-12-16,1993-12-16
10171,1993-12-17,1993-12-17
10174,1993-12-21,1993-12-21
10175,1993-12-22,1993-12-22
10179,1993-12-23,1993-12-23
10195,1993-12-29,1993-12-29
10197,1994-01-01,1994-01-01
10200,1994-01-07,1994-01-07
10206,1994-01-08,1994-01-08
10207,1994-01-14,1994-01-14
10208,1994-01-15,1994-01-15
10216,1994-01-19,1994-01-19
10241,1994-01-20,1994-01-20
10257,1994-01-21,1994-01-21
10271,1994-01-22,1994-01-22
10280,1994-01-23,1994-01-23
10282,1994-01-24,1994-01-24
10320,1994-01-25,1994-01-25
10326,1994-01-27,1994-01-27
10333,1994-01-28,1994-01-28
10338,1994-01-29,1994-01-29
10344,1994-01-30,1994-01-30
10359,1994-02-02,1994-02-02
10361,1994-02-10,1994-02-10
10383,1994-02-11,1994-02-11
10388,1994-02-13,1994-02-13
10398,1994-02-14,1994-02-14
10408,1994-02-17,1994-02-17
10409,1994-02-27,1994-02-27
10411,1994-03-10,1994-03-10
10412,1994-12-03,1994-12-03
10413,1994-12-04,1994-12-04
10418,1994-12-15,1994-12-15
10420,1994-12-16,1994-12-16
10444,1994-12-17,1994-12-17
10458,1994-12-18,1994-12-18
10470,1994-12-19,1994-12-19
10489,1994-12-20,1994-12-20
10492,1994-12-22,1994-12-22
10493,1994-12-29,1994-12-29
10499,1995-01-01,1995-01-01
10510,1995-01-02,1995-01-02
10521,1995-01-06,1995-01-06
10531,1995-01-10,1995-01-10
10539,1995-01-11,1995-01-11
10552,1995-01-12,1995-01-12
10565,1995-01-13,1995-01-13
10570,1995-01-14,1995-01-14
10582,1995-01-15,1995-01-15
10596,1995-01-16,1995-01-16
10597,1995-01-17,1995-01-17
10606,1995-01-18,1995-01-18
10611,1995-01-19,1995-01-19
10629,1995-01-20,1995-01-20
10634,1995-01-21,1995-01-21
10636,1995-01-24,1995-01-24
10643,1995-01-25,1995-01-25
10657,1995-01-26,1995-01-26
10658,1995-01-27,1995-01-27
10678,1995-01-28,1995-01-28
10692,1995-01-29,1995-01-29
10707,1995-01-30,1995-01-30
10735,1995-01-31,1995-01-31
10760,1995-02-01,1995-02-01
10781,1995-02-02,1995-02-02
10802,1995-02-03,1995-02-03
10813,1995-02-04,1995-02-04
10819,1995-02-05,1995-02-05
10834,1995-02-06,1995-02-06
10845,1995-02-07,1995-02-07
10849,1995-02-10,1995-02-10
10851,1995-02-14,1995-02-14
10852,1995-02-16,1995-02-16
10860,1995-02-17,1995-02-17
10865,1995-02-18,1995-02-18
10868,1995-02-19,1995-02-19
10869,1995-02-22,1995-02-22
10871,1995-11-25,1995-11-25
10872,1995-12-06,1995-12-06
10880,1995-12-07,1995-12-07
10887,1995-12-08,1995-12-08
10889,1995-12-09,1995-12-09
10897,1995-12-10,1995-12-10
10900,1995-12-16,1995-12-16
10901,1995-12-17,1995-12-17
10904,1995-12-18,1995-12-18
10910,1995-12-19,1995-12-19
10912,1995-12-20,1995-12-20
10915,1995-12-21,1995-12-21
10917,1995-12-22,1995-12-22
10927,1995-12-24,1995-12-24
10928,1995-12-25,1995-12-25
10941,1995-12-26,1995-12-26
10966,1995-12-27,1995-12-27
10990,1995-12-29,1995-12-29
10992,1995-12-30,1995-12-30
11002,1995-12-31,1995-12-31
11017,1996-01-01,1996-01-01
11033,1996-01-02,1996-01-02
11038,1996-01-04,1996-01-04
11065,1996-01-05,1996-01-05
11068,1996-01-09,1996-01-09
11083,1996-01-10,1996-01-10
11095,1996-01-11,1996-01-11
11116,1996-01-12,1996-01-12
11128,1996-01-13,1996-01-13
11131,1996-01-17,1996-01-17
11136,1996-01-18,1996-01-18
11141,1996-01-19,1996-01-19
11146,1996-01-20,1996-01-20
11149,1996-01-21,1996-01-21
11151,1996-01-22,1996-01-22
11153,1996-01-23,1996-01-23
11155,1996-01-24,1996-01-24
11161,1996-01-25,1996-01-25
11171,1996-01-26,1996-01-26
11197,1996-01-27,1996-01-27
11220,1996-01-28,1996-01-28
11221,1996-01-30,1996-01-30
11228,1996-01-31,1996-01-31
11247,1996-02-01,1996-02-01
11263,1996-02-02,1996-02-02
11298,1996-02-03,1996-02-03
11323,1996-02-04,1996-02-04
11325,1996-02-05,1996-02-05
11326,1996-02-06,1996-02-06
11342,1996-02-07,1996-02-07
11373,1996-02-08,1996-02-08
11383,1996-02-09,1996-02-09
11391,1996-02-10,1996-02-10
11406,1996-02-11,1996-02-11
11428,1996-02-19,1996-02-19
11432,1996-02-20,1996-02-20
11444,1996-02-21,1996-02-21
11459,1996-02-22,1996-02-22
11472,1996-02-23,1996-02-23
11474,1996-02-24,1996-02-24
11480,1996-02-25,1996-02-25
11481,1996-02-28,1996-02-28
11490,1996-03-05,1996-03-05
11492,1996-03-06,1996-03-06
11493,1996-03-12,1996-03-12
11495,1996-12-01,1996-12-01
11503,1996-12-02,1996-12-02
11527,1996-12-03,1996-12-03
11540,1996-12-06,1996-12-06
11549,1996-12-07,1996-12-07
11556,1996-12-08,1996-12-08
11557,1996-12-18,1996-12-18
11558,1996-12-19,1996-12-19
11559,1996-12-20,1996-12-20
11562,1997-01-02,1997-01-02
11566,1997-01-03,1997-01-03
11578,1997-01-04,1997-01-04
11591,1997-01-06,1997-01-06
11593,1997-01-07,1997-01-07
11612,1997-01-08,1997-01-08
11618,1997-01-09,1997-01-09
11632,1997-01-10,1997-01-10
11638,1997-01-11,1997-01-11
11646,1997-01-12,1997-01-12
11650,1997-01-13,1997-01-13
11654,1997-01-15,1997-01-15
11673,1997-01-16,1997-01-16
11676,1997-01-17,1997-01-17
11680,1997-01-19,1997-01-19
11698,1997-01-21,1997-01-21
11703,1997-01-22,1997-01-22
11747,1997-01-23,1997-01-23
11758,1997-01-24,1997-01-24
11774,1997-01-25,1997-01-25
11788,1997-01-26,1997-01-26
11789,1997-01-27,1997-01-27
11790,1997-01-29,1997-01-29
11797,1997-01-30,1997-01-30
11811,1997-01-31,1997-01-31
11817,1997-02-01,1997-02-01
11824,1997-02-02,1997-02-02
11833,1997-02-03,1997-02-03
11845,1997-02-04,1997-02-04
11860,1997-02-05,1997-02-05
11861,1997-02-07,1997-02-07
11867,1997-02-08,1997-02-08
11875,1997-02-09,1997-02-09
11877,1997-02-11,1997-02-11
11878,1997-02-12,1997-02-12
11888,1997-02-13,1997-02-13
11905,1997-02-14,1997-02-14
11913,1997-02-17,1997-02-17
11930,1997-02-18,1997-02-18
11939,1997-02-19,1997-02-19
11946,1997-02-22,1997-02-22
11958,1997-03-24,1997-03-24
11959,1997-12-02,1997-12-02
11960,1997-12-03,1997-12-03
11974,1997-12-04,1997-12-04
11983,1997-12-10,1997-12-10
11992,1997-12-12,1997-12-12
12004,1997-12-13,1997-12-13
12006,1997-12-29,1997-12-29
12010,1998-01-06,1998-01-06
12011,1998-01-19,1998-01-19
12036,1998-01-20,1998-01-20
12041,1998-01-21,1998-01-21
12049,1998-01-22,1998-01-22
12052,1998-01-23,1998-01-23
12058,1998-01-24,1998-01-24
12087,1998-01-25,1998-01-25
12117,1998-01-27,1998-01-27
12133,1998-01-28,1998-01-28
12144,1998-01-29,1998-01-29
12172,1998-01-30,1998-01-30
12177,1998-02-01,1998-02-01
12184,1998-02-02,1998-02-02
12190,1998-02-05,1998-02-05
12198,1998-02-08,1998-02-08
12199,1998-02-09,1998-02-09
12213,1998-02-10,1998-02-10
12216,1998-02-11,1998-02-11
12226,1998-12-10,1998-12-10
12232,1998-12-12,1998-12-12
12239,1998-12-30,1998-12-30
12241,1998-12-31,1998-12-31
12247,1999-01-01,1999-01-01
12255,1999-01-04,1999-01-04
12256,1999-01-05,1999-01-05
12257,1999-01-08,1999-01-08
12271,1999-01-09,1999-01-09
12295,1999-01-10,1999-01-10
12310,1999-01-11,1999-01-11
12323,1999-01-12,1999-01-12
12339,1999-01-13,1999-01-13
12348,1999-01-14,1999-01-14
12351,1999-01-15,1999-01-15
12352,1999-01-16,1999-01-16
12354,1999-01-17,1999-01-17
12373,1999-01-18,1999-01-18
12375,1999-01-21,1999-01-21
12384,1999-01-30,1999-01-30
12397,1999-01-31,1999-01-31
12405,1999-02-02,1999-02-02
12406,1999-02-03,1999-02-03
12427,1999-02-04,1999-02-04
12459,1999-02-05,1999-02-05
12465,1999-02-06,1999-02-06
12467,1999-02-13,1999-02-13
12483,1999-02-14,1999-02-14
12484,1999-02-20,1999-02-20
12485,1999-02-21,1999-02-21
12489,1999-02-28,1999-02-28
12491,1999-03-22,1999-03-22
12492,1999-12-18,1999-12-18
12497,1999-12-19,1999-12-19
12505,1999-12-20,1999-12-20
12520,1999-12-21,1999-12-21
12544,1999-12-22,1999-12-22
12565,1999-12-23,1999-12-23
12574,1999-12-26,1999-12-26
12586,1999-12-27,1999-12-27
12594,1999-12-28,1999-12-28
12595,1999-12-29,1999-12-29
12596,1999-12-30,1999-12-30
12599,2000-01-07,2000-01-07
12603,2000-01-08,2000-01-08
12604,2000-01-09,2000-01-09
12606,2000-01-11,2000-01-11
12608,2000-01-15,2000-01-15
12609,2000-01-19,2000-01-19
12610,2000-01-20,2000-01-20
12616,2000-01-21,2000-01-21
12647,2000-01-22,2000-01-22
12652,2000-01-25,2000-01-25
12653,2000-01-26,2000-01-26
12667,2000-01-27,2000-01-27
12692,2000-01-28,2000-01-28
12716,2000-01-29,2000-01-29
12722,2000-01-31,2000-01-31
12733,2000-02-01,2000-02-01
12762,2000-02-02,2000-02-02
12774,2000-02-03,2000-02-03
12778,2000-02-04,2000-02-04
12785,2000-02-05,2000-02-05
12790,2000-02-08,2000-02-08
12792,2000-02-09,2000-02-09
12808,2000-02-10,2000-02-10
12824,2000-02-15,2000-02-15
12825,2000-02-16,2000-02-16
12831,2000-02-17,2000-02-17
12840,2000-02-18,2000-02-18
12848,2000-02-21,2000-02-21
12849,2000-02-22,2000-02-22
12852,2000-02-24,2000-02-24
12853,2000-02-25,2000-02-25
12862,2000-02-29,2000-02-29
12873,2000-03-08,2000-03-08
12874,2000-11-22,2000-11-22
12875,2000-12-11,2000-12-11
12876,2000-12-12,2000-12-12
12895,2000-12-17,2000-12-17
12896,2000-12-26,2000-12-26
12910,2000-12-27,2000-12-27
12925,2000-12-29,2000-12-29
12933,2000-12-30,2000-12-30
12934,2001-01-01,2001-01-01
12953,2001-01-03,2001-01-03
12963,2001-01-04,2001-01-04
12981,2001-01-05,2001-01-05
13005,2001-01-06,2001-01-06
13026,2001-01-10,2001-01-10
13033,2001-01-11,2001-01-11
13039,2001-01-12,2001-01-12
13065,2001-01-13,2001-01-13
13079,2001-01-14,2001-01-14
13116,2001-01-15,2001-01-15
13163,2001-01-16,2001-01-16
13207,2001-01-17,2001-01-17
13244,2001-01-18,2001-01-18
13247,2001-01-19,2001-01-19
13251,2001-01-21,2001-01-21
13253,2001-01-22,2001-01-22
13255,2001-01-23,2001-01-23
13265,2001-01-24,2001-01-24
13276,2001-01-29,2001-01-29
13289,2001-01-30,2001-01-30
13293,2001-02-02,2001-02-02
13316,2001-02-03,2001-02-03
13317,2001-02-08,2001-02-08
13326,2001-02-09,2001-02-09
13330,2001-02-10,2001-02-10
13334,2001-02-11,2001-02-11
13336,2001-02-13,2001-02-13
13337,2001-02-14,2001-02-14
13343,2001-02-15,2001-02-15
13345,2001-02-16,2001-02-16
13351,2001-02-17,2001-02-17
13366,2001-02-25,2001-02-25
13369,2001-02-26,2001-02-26
13373,2001-03-08,2001-03-08
13374,2001-03-09,2001-03-09
13375,2001-03-11,2001-03-11
13377,2001-03-14,2001-03-14
13378,2001-12-07,2001-12-07
13382,2001-12-14,2001-12-14
13385,2001-12-15,2001-12-15
13386,2001-12-16,2001-12-16
13397,2001-12-18,2001-12-18
13409,2001-12-19,2001-12-19
13422,2001-12-20,2001-12-20
13428,2001-12-22,2001-12-22
13436,2001-12-23,2001-12-23
13446,2001-12-24,2001-12-24
13453,2001-12-26,2001-12-26
13457,2001-12-27,2001-12-27
13462,2001-12-28,2001-12-28
13473,2001-12-29,2001-12-29
13479,2001-12-30,2001-12-30
13480,2001-12-31,2001-12-31
13498,2002-01-01,2002-01-01
13500,2002-01-02,2002-01-02
13511,2002-01-03,2002-01-03
13539,2002-01-06,2002-01-06
13550,2002-01-08,2002-01-08
13552,2002-01-09,2002-01-09
13566,2002-01-10,2002-01-10
13569,2002-01-22,2002-01-22
13570,2002-01-23,2002-01-23
13572,2002-01-24,2002-01-24
13577,2002-01-25,2002-01-25
13585,2002-01-29,2002-01-29
13594,2002-01-31,2002-01-31
13604,2002-02-01,2002-02-01
13610,2002-02-02,2002-02-02
13611,2002-02-03,2002-02-03
13612,2002-02-04,2002-02-04
13613,2002-02-08,2002-02-08
13614,2002-02-09,2002-02-09
13615,2002-02-11,2002-02-11
13618,2002-02-12,2002-02-12
13629,2002-02-13,2002-02-13
13630,2002-02-14,2002-02-14
13633,2002-02-15,2002-02-15
13637,2002-02-16,2002-02-16
13638,2002-02-19,2002-02-19
13639,2002-02-20,2002-02-20
13642,2002-11-19,2002-11-19
13643,2002-12-10,2002-12-10
13651,2002-12-11,2002-12-11
13658,2002-12-12,2002-12-12
13667,2002-12-13,2002-12-13
13680,2002-12-14,2002-12-14
13686,2002-12-26,2002-12-26
13688,2002-12-27,2002-12-27
13702,2002-12-28,2002-12-28
13706,2002-12-29,2002-12-29
13708,2002-12-30,2002-12-30
13716,2002-12-31,2002-12-31
13720,2003-01-01,2003-01-01
13725,2003-01-02,2003-01-02
13750,2003-01-04,2003-01-04
13754,2003-01-05,2003-01-05
13786,2003-01-06,2003-01-06
13829,2003-01-07,2003-01-07
13859,2003-01-08,2003-01-08
13887,2003-01-09,2003-01-09
13896,2003-01-10,2003-01-10
13898,2003-01-11,2003-01-11
13903,2003-01-15,2003-01-15
13919,2003-01-16,2003-01-16
13921,2003-01-20,2003-01-20
13922,2003-01-21,2003-01-21
13928,2003-01-24,2003-01-24
13936,2003-01-25,2003-01-25
13955,2003-01-28,2003-01-28
13959,2003-01-29,2003-01-29
13990,2003-01-30,2003-01-30
14025,2003-01-31,2003-01-31
14028,2003-02-01,2003-02-01
14038,2003-02-02,2003-02-02
14044,2003-02-03,2003-02-03
14053,2003-02-05,2003-02-05
14055,2003-02-06,2003-02-06
14061,2003-02-07,2003-02-07
14062,2003-02-12,2003-02-12
14064,2003-03-04,2003-03-04
14067,2003-03-05,2003-03-05
14068,2003-03-11,2003-03-11
14070,2003-12-07,2003-12-07
14071,2003-12-09,2003-12-09
14072,2003-12-10,2003-12-10
14074,2003-12-16,2003-12-16
14075,2003-12-18,2003-12-18
14076,2003-12-19,2003-12-19
14077,2003-12-20,2003-12-20
14086,2003-12-21,2003-12-21
14102,2003-12-26,2003-12-26
14103,2003-12-27,2003-12-27
14108,2004-01-04,2004-01-04
14109,2004-01-05,2004-01-05
14110,2004-01-08,2004-01-08
14112,2004-01-11,2004-01-11
14114,2004-01-13,2004-01-13
14115,2004-01-14,2004-01-14
14136,2004-01-15,2004-01-15
14145,2004-01-16,2004-01-16
14146,2004-01-20,2004-01-20
14150,2004-01-21,2004-01-21
14177,2004-01-22,2004-01-22
14222,2004-01-23,2004-01-23
14254,2004-01-24,2004-01-24
14283,2004-01-25,2004-01-25
14300,2004-01-26,2004-01-26
14324,2004-01-27,2004-01-27
14339,2004-01-28,2004-01-28
14347,2004-01-30,2004-01-30
14348,2004-01-31,2004-01-31
14349,2004-02-03,2004-02-03
14352,2004-02-04,2004-02-04
14357,2004-02-05,2004-02-05
14358,2004-02-06,2004-02-06
14374,2004-02-07,2004-02-07
14375,2004-02-08,2004-02-08
14379,2004-02-09,2004-02-09
14387,2004-02-10,2004-02-10
14398,2004-03-04,2004-03-04
14401,2004-03-06,2004-03-06
14403,2004-03-07,2004-03-07
14411,2004-03-08,2004-03-08
14413,2004-12-21,2004-12-21
14414,2004-12-22,2004-12-22
14415,2004-12-23,2004-12-23
14417,2004-12-26,2004-12-26
14418,2004-12-27,2004-12-27
14423,2004-12-28,2004-12-28
14432,2004-12-29,2004-12-29
14437,2004-12-30,2004-12-30
14450,2004-12-31,2004-12-31
14453,2005-01-01,2005-01-01
14466,2005-01-02,2005-01-02
14472,2005-01-05,2005-01-05
14497,2005-01-08,2005-01-08
14514,2005-01-09,2005-01-09
14529,2005-01-10,2005-01-10
14551,2005-01-11,2005-01-11
14556,2005-01-12,2005-01-12
14565,2005-01-13,2005-01-13
14576,2005-01-14,2005-01-14
14587,2005-01-15,2005-01-15
14589,2005-01-17,2005-01-17
14597,2005-01-18,2005-01-18
14599,2005-01-20,2005-01-20
14604,2005-01-21,2005-01-21
14623,2005-01-22,2005-01-22
14637,2005-01-28,2005-01-28
14638,2005-01-30,2005-01-30
14643,2005-01-31,2005-01-31
14654,2005-02-01,2005-02-01
14677,2005-02-02,2005-02-02
14695,2005-02-03,2005-02-03
14707,2005-02-04,2005-02-04
14709,2005-02-05,2005-02-05
14710,2005-02-06,2005-02-06
14711,2005-02-10,2005-02-10
14713,2005-02-11,2005-02-11
14731,2005-02-12,2005-02-12
14743,2005-02-13,2005-02-13
14760,2005-02-14,2005-02-14
14761,2005-02-20,2005-02-20
14768,2005-02-21,2005-02-21
14780,2005-02-22,2005-02-22
14787,2005-02-24,2005-02-24
14789,2005-02-25,2005-02-25
14793,2005-02-26,2005-02-26
14802,2005-02-27,2005-02-27
14813,2005-03-01,2005-03-01
14816,2005-03-05,2005-03-05
14818,2005-03-06,2005-03-06
14821,2005-03-12,2005-03-12
14823,2005-03-13,2005-03-13
14824,2005-12-05,2005-12-05
14836,2005-12-06,2005-12-06
14843,2005-12-09,2005-12-09
14847,2005-12-11,2005-12-11
14852,2005-12-12,2005-12-12
14861,2005-12-13,2005-12-13
14874,2005-12-14,2005-12-14
14892,2005-12-15,2005-12-15
14904,2005-12-16,2005-12-16
14911,2005-12-17,2005-12-17
14921,2005-12-18,2005-12-18
14964,2005-12-19,2005-12-19
14985,2005-12-20,2005-12-20
15013,2005-12-21,2005-12-21
15015,2005-12-22,2005-12-22
15034,2005-12-23,2005-12-23
15035,2005-12-24,2005-12-24
15054,2005-12-25,2005-12-25
15062,2005-12-26,2005-12-26
15072,2005-12-27,2005-12-27
15094,2005-12-28,2005-12-28
15120,2005-12-29,2005-12-29
15142,2005-12-30,2005-12-30
15146,2006-01-03,2006-01-03
15147,2006-01-05,2006-01-05
15163,2006-01-06,2006-01-06
15176,2006-01-07,2006-01-07
15200,2006-01-08,2006-01-08
15223,2006-01-09,2006-01-09
15239,2006-01-11,2006-01-11
15247,2006-01-12,2006-01-12
15253,2006-01-23,2006-01-23
15263,2006-01-24,2006-01-24
15272,2006-01-25,2006-01-25
15275,2006-02-02,2006-02-02
15276,2006-02-03,2006-02-03
15290,2006-02-04,2006-02-04
15332,2006-02-05,2006-02-05
15352,2006-02-06,2006-02-06
15353,2006-02-08,2006-02-08
15354,2006-02-09,2006-02-09
15376,2006-02-12,2006-02-12
15378,2006-02-13,2006-02-13
15379,2006-02-17,2006-02-17
15380,2006-03-13,2006-03-13
15382,2006-12-03,2006-12-03
15384,2006-12-04,2006-12-04
15385,2006-12-06,2006-12-06
15386,2006-12-10,2006-12-10
15387,2006-12-11,2006-12-11
15388,2006-12-18,2006-12-18
15392,2006-12-19,2006-12-19
15394,2006-12-20,2006-12-20
15395,2006-12-24,2006-12-24
15396,2006-12-28,2006-12-28
15397,2006-12-29,2006-12-29
15425,2006-12-30,2006-12-30
15445,2007-01-07,2007-01-07
15447,2007-01-08,2007-01-08
15449,2007-01-09,2007-01-09
15453,2007-01-10,2007-01-10
15454,2007-01-11,2007-01-11
15459,2007-01-12,2007-01-12
15460,2007-01-13,2007-01-13
15469,2007-01-14,2007-01-14
15486,2007-01-15,2007-01-15
15491,2007-01-19,2007-01-19
15496,2007-01-20,2007-01-20
15498,2007-01-21,2007-01-21
15499,2007-01-25,2007-01-25
15500,2007-01-28,2007-01-28
15501,2007-01-29,2007-01-29
15502,2007-01-31,2007-01-31
15504,2007-02-01,2007-02-01
15509,2007-02-02,2007-02-02
15519,2007-02-03,2007-02-03
15522,2007-02-04,2007-02-04
15523,2007-02-16,2007-02-16
15524,2007-03-06,2007-03-06
15525,2007-03-07,2007-03-07
15526,2007-03-08,2007-03-08
15527,2007-03-20,2007-03-20
15528,2007-11-19,2007-11-19
15530,2007-12-05,2007-12-05
15531,2007-12-09,2007-12-09
15532,2007-12-16,2007-12-16
15534,2007-12-30,2007-12-30
15535,2007-12-31,2007-12-31
15536,2008-01-01,2008-01-01
15540,2008-01-02,2008-01-02
15551,2008-01-04,2008-01-04
15552,2008-01-10,2008-01-10
15553,2008-01-13,2008-01-13
15554,2008-01-14,2008-01-14
15555,2008-01-15,2008-01-15
15561,2008-01-16,2008-01-16
15569,2008-01-17,2008-01-17
15595,2008-01-18,2008-01-18
15608,2008-01-19,2008-01-19
15615,2008-01-24,2008-01-24
15623,2008-01-25,2008-01-25
15638,2008-01-26,2008-01-26
15645,2008-01-27,2008-01-27
15653,2008-01-28,2008-01-28
15654,2008-01-31,2008-01-31
15665,2008-02-01,2008-02-01
15681,2008-02-02,2008-02-02
15685,2008-02-03,2008-02-03
15686,2008-02-04,2008-02-04
15689,2008-02-05,2008-02-05
15696,2008-02-06,2008-02-06
15699,2008-02-07,2008-02-07
15711,2008-02-08,2008-02-08
15725,2008-02-09,2008-02-09
15726,2008-02-10,2008-02-10
15737,2008-02-11,2008-02-11
15738,2008-02-12,2008-02-12
15740,2008-02-13,2008-02-13
15767,2008-02-14,2008-02-14
15780,2008-02-15,2008-02-15
15783,2008-02-16,2008-02-16
15797,2008-02-17,2008-02-17
15808,2008-02-18,2008-02-18
15823,2008-02-19,2008-02-19
15830,2008-02-24,2008-02-24
15834,2008-02-25,2008-02-25
15837,2008-02-28,2008-02-28
15838,2008-03-08,2008-03-08
15839,2008-11-19,2008-11-19
15840,2008-11-20,2008-11-20
15842,2008-12-06,2008-12-06
15864,2008-12-07,2008-12-07
15883,2008-12-23,2008-12-23
15884,2008-12-26,2008-12-26
15892,2008-12-27,2008-12-27
15908,2008-12-31,2008-12-31
15918,2009-01-01,2009-01-01
15930,2009-01-02,2009-01-02
15948,2009-01-03,2009-01-03
15959,2009-01-05,2009-01-05
15960,2009-01-06,2009-01-06
15968,2009-01-07,2009-01-07
15971,2009-01-08,2009-01-08
15975,2009-01-09,2009-01-09
15982,2009-01-10,2009-01-10
15990,2009-01-11,2009-01-11
16008,2009-01-12,2009-01-12
16018,2009-01-13,2009-01-13
16038,2009-01-14,2009-01-14
16044,2009-01-15,2009-01-15
16077,2009-01-16,2009-01-16
16088,2009-01-17,2009-01-17
16090,2009-01-23,2009-01-23
16091,2009-01-24,2009-01-24
16126,2009-01-25,2009-01-25
16141,2009-01-26,2009-01-26
16143,2009-01-27,2009-01-27
16159,2009-01-28,2009-01-28
16174,2009-02-16,2009-02-16
16175,2009-02-17,2009-02-17
16184,2009-02-21,2009-02-21
16191,2009-11-18,2009-11-18
16192,2009-12-07,2009-12-07
16194,2009-12-16,2009-12-16
16198,2009-12-17,2009-12-17
16207,2009-12-18,2009-12-18
16224,2009-12-19,2009-12-19
16233,2009-12-20,2009-12-20
16242,2009-12-21,2009-12-21
16261,2009-12-26,2009-12-26
16263,2009-12-27,2009-12-27
16269,2009-12-28,2009-12-28
16280,2009-12-29,2009-12-29
16307,2009-12-31,2009-12-31
16318,2010-01-01,2010-01-01
16342,2010-01-03,2010-01-03
16353,2010-01-04,2010-01-04
16356,2010-01-05,2010-01-05
16364,2010-01-06,2010-01-06
16394,2010-01-07,2010-01-07
16416,2010-01-08,2010-01-08
16448,2010-01-09,2010-01-09
16470,2010-01-10,2010-01-10
16477,2010-01-11,2010-01-11
16485,2010-01-12,2010-01-12
16492,2010-01-13,2010-01-13
16521,2010-01-14,2010-01-14
16558,2010-01-15,2010-01-15
16572,2010-01-16,2010-01-16
16596,2010-01-17,2010-01-17
16621,2010-01-18,2010-01-18
16631,2010-01-19,2010-01-19
16634,2010-01-23,2010-01-23
16641,2010-01-26,2010-01-26
16649,2010-01-27,2010-01-27
16650,2010-01-29,2010-01-29
16651,2010-02-03,2010-02-03
16664,2010-02-04,2010-02-04
16674,2010-02-05,2010-02-05
16675,2010-02-06,2010-02-06
16692,2010-02-07,2010-02-07
16706,2010-02-14,2010-02-14
16707,2010-02-15,2010-02-15
16709,2010-02-16,2010-02-16
16710,2010-02-17,2010-02-17
16715,2010-02-19,2010-02-19
16716,2010-02-21,2010-02-21
16717,2010-03-03,2010-03-03
16718,2010-12-10,2010-12-10
16720,2010-12-12,2010-12-12
16725,2010-12-15,2010-12-15
16736,2010-12-16,2010-12-16
16756,2010-12-18,2010-12-18
16761,2010-12-24,2010-12-24
16776,2010-12-25,2010-12-25
16804,2010-12-26,2010-12-26
16823,2010-12-27,2010-12-27
16833,2010-12-29,2010-12-29
16842,2010-12-31,2010-12-31
16860,2011-01-01,2011-01-01
16886,2011-01-02,2011-01-02
16909,2011-01-03,2011-01-03
16931,2011-01-04,2011-01-04
16942,2011-01-05,2011-01-05
16943,2011-01-06,2011-01-06
16953,2011-01-07,2011-01-07
16981,2011-01-08,2011-01-08
17005,2011-01-10,2011-01-10
17037,2011-01-11,2011-01-11
17056,2011-01-12,2011-01-12
17064,2011-01-13,2011-01-13
17093,2011-01-14,2011-01-14
17114,2011-01-15,2011-01-15
17120,2011-01-16,2011-01-16
17169,2011-01-17,2011-01-17
17208,2011-01-18,2011-01-18
17233,2011-01-19,2011-01-19
17248,2011-01-20,2011-01-20
17263,2011-01-21,2011-01-21
17283,2011-01-22,2011-01-22
17297,2011-01-23,2011-01-23
17306,2011-01-24,2011-01-24
17311,2011-01-25,2011-01-25
17336,2011-01-26,2011-01-26
17360,2011-01-27,2011-01-27
17382,2011-01-28,2011-01-28
17393,2011-01-29,2011-01-29
17416,2011-01-30,2011-01-30
17448,2011-01-31,2011-01-31
17483,2011-02-01,2011-02-01
17491,2011-02-03,2011-02-03
17493,2011-02-10,2011-02-10
17494,2011-02-13,2011-02-13
17515,2011-02-14,2011-02-14
17516,2011-02-15,2011-02-15
17522,2011-02-16,2011-02-16
17526,2011-02-18,2011-02-18
17527,2011-02-22,2011-02-22
17528,2011-02-26,2011-02-26
17529,2011-03-03,2011-03-03
17532,2011-03-04,2011-03-04
17533,2011-03-26,2011-03-26
17534,2011-12-05,2011-12-05
17535,2011-12-10,2011-12-10
17536,2011-12-13,2011-12-13
17537,2011-12-16,2011-12-16
17538,2011-12-17,2011-12-17
17552,2011-12-18,2011-12-18
17555,2011-12-19,2011-12-19
17563,2011-12-20,2011-12-20
17569,2011-12-23,2011-12-23
17589,2011-12-24,2011-12-24
17592,2011-12-25,2011-12-25
17606,2011-12-26,2011-12-26
17621,2011-12-27,2011-12-27
17641,2011-12-28,2011-12-28
17645,2011-12-30,2011-12-30
17652,2011-12-31,2011-12-31
17660,2012-01-02,2012-01-02
17674,2012-01-03,2012-01-03
17679,2012-01-04,2012-01-04
17681,2012-01-05,2012-01-05
17700,2012-01-06,2012-01-06
17711,2012-01-07,2012-01-07
17733,2012-01-08,2012-01-08
17748,2012-01-10,2012-01-10
17749,2012-01-11,2012-01-11
17755,2012-01-12,2012-01-12
17778,2012-01-13,2012-01-13
17779,2012-01-14,2012-01-14
17788,2012-01-15,2012-01-15
17790,2012-01-16,2012-01-16
17793,2012-01-23,2012-01-23
17810,2012-01-24,2012-01-24
17834,2012-01-25,2012-01-25
17841,2012-01-26,2012-01-26
17867,2012-01-27,2012-01-27
17871,2012-01-28,2012-01-28
17874,2012-01-29,2012-01-29
17878,2012-01-30,2012-01-30
17888,2012-01-31,2012-01-31
17907,2012-02-01,2012-02-01
17925,2012-02-02,2012-02-02
17962,2012-02-03,2012-02-03
17997,2012-02-04,2012-02-04
18006,2012-02-06,2012-02-06
18008,2012-02-08,2012-02-08
18035,2012-02-09,2012-02-09
18055,2012-02-10,2012-02-10
18061,2012-02-11,2012-02-11
18073,2012-02-12,2012-02-12
18078,2012-02-16,2012-02-16
18079,2012-02-17,2012-02-17
18084,2012-02-18,2012-02-18
18101,2012-02-19,2012-02-19
18117,2012-02-20,2012-02-20
18130,2012-02-22,2012-02-22
18131,2012-02-27,2012-02-27
18134,2012-02-28,2012-02-28
18135,2012-02-29,2012-02-29
18136,2012-03-19,2012-03-19
18137,2012-03-20,2012-03-20
18138,2012-03-26,2012-03-26
18139,2012-12-05,2012-12-05
18140,2012-12-06,2012-12-06
18151,2012-12-07,2012-12-07
18159,2012-12-08,2012-12-08
18168,2012-12-09,2012-12-09
18193,2012-12-10,2012-12-10
18219,2012-12-11,2012-12-11
18245,2012-12-12,2012-12-12
18269,2012-12-13,2012-12-13
18288,2012-12-18,2012-12-18
18289,2012-12-19,2012-12-19
18301,2012-12-20,2012-12-20
18309,2012-12-23,2012-12-23
18310,2012-12-24,2012-12-24
18342,2012-12-25,2012-12-25
18343,2012-12-26,2012-12-26
18378,2012-12-27,2012-12-27
18412,2012-12-30,2012-12-30
18413,2012-12-31,2012-12-31
18436,2013-01-01,2013-01-01
18456,2013-01-02,2013-01-02
18470,2013-01-03,2013-01-03
18510,2013-01-04,2013-01-04
18553,2013-01-05,2013-01-05
18593,2013-01-06,2013-01-06
18608,2013-01-07,2013-01-07
18633,2013-01-08,2013-01-08
18652,2013-01-09,2013-01-09
18667,2013-01-10,2013-01-10
18698,2013-01-11,2013-01-11
18733,2013-01-12,2013-01-12
18735,2013-01-13,2013-01-13
18736,2013-01-14,2013-01-14
18744,2013-01-15,2013-01-15
18754,2013-01-16,2013-01-16
18757,2013-01-17,2013-01-17
18758,2013-01-18,2013-01-18
18779,2013-01-19,2013-01-19
18781,2013-01-20,2013-01-20
18783,2013-01-25,2013-01-25
18786,2013-01-26,2013-01-26
18800,2013-01-27,2013-01-27
18815,2013-01-28,2013-01-28
18832,2013-02-03,2013-02-03
18833,2013-02-05,2013-02-05
18834,2013-02-07,2013-02-07
18839,2013-02-08,2013-02-08
18881,2013-02-09,2013-02-09
18906,2013-02-10,2013-02-10
18909,2013-02-11,2013-02-11
18923,2013-02-13,2013-02-13
18930,2013-02-16,2013-02-16
18937,2013-02-20,2013-02-20
18941,2013-02-25,2013-02-25
18942,2013-03-26,2013-03-26
18943,2013-11-28,2013-11-28
18944,2013-11-29,2013-11-29
18945,2013-12-12,2013-12-12
18946,2013-12-13,2013-12-13
18952,2013-12-14,2013-12-14
18958,2013-12-15,2013-12-15
18965,2013-12-16,2013-12-16
18973,2013-12-17,2013-12-17
18974,2013-12-20,2013-12-20
18975,2013-12-21,2013-12-21
18976,2013-12-22,2013-12-22
18978,2013-12-23,2013-12-23
18979,2013-12-24,2013-12-24
18982,2013-12-25,2013-12-25
18984,2013-12-28,2013-12-28
18995,2013-12-29,2013-12-29
19004,2014-01-06,2014-01-06
19005,2014-01-07,2014-01-07
19006,2014-01-09,2014-01-09
19009,2014-01-10,2014-01-10
19028,2014-01-11,2014-01-11
19029,2014-01-13,2014-01-13
19045,2014-01-14,2014-01-14
19064,2014-01-15,2014-01-15
19078,2014-01-16,2014-01-16
19082,2014-01-17,2014-01-17
19083,2014-01-19,2014-01-19
19099,2014-01-21,2014-01-21
19100,2014-01-22,2014-01-22
19112,2014-01-23,2014-01-23
19122,2014-01-24,2014-01-24
19123,2014-01-27,2014-01-27
19125,2014-01-29,2014-01-29
19127,2014-02-04,2014-02-04
19130,2014-02-05,2014-02-05
19138,2014-02-06,2014-02-06
19139,2014-02-11,2014-02-11
19140,2014-02-12,2014-02-12
19142,2014-02-15,2014-02-15
19143,2014-02-16,2014-02-16
19144,2014-02-20,2014-02-20
19145,2014-02-21,2014-02-21
19146,2014-02-22,2014-02-22
19147,2014-02-23,2014-02-23
19148,2014-03-03,2014-03-03
19149,2014-03-06,2014-03-06
19151,2014-03-10,2014-03-10
19152,2014-12-02,2014-12-02
19153,2014-12-04,2014-12-04
19154,2014-12-05,2014-12-05
19157,2014-12-06,2014-12-06
19163,2014-12-07,2014-12-07
19165,2014-12-09,2014-12-09
19171,2014-12-12,2014-12-12
19172,2014-12-14,2014-12-14
19179,2014-12-17,2014-12-17
19191,2014-12-18,2014-12-18
19209,2014-12-19,2014-12-19
19230,2014-12-21,2014-12-21
19242,2014-12-22,2014-12-22
19256,2014-12-23,2014-12-23
19267,2014-12-26,2014-12-26
19278,2014-12-27,2014-12-27
19287,2014-12-28,2014-12-28
19289,2015-01-01,2015-01-01
19294,2015-01-02,2015-01-02
19302,2015-01-03,2015-01-03
19322,2015-01-07,2015-01-07
19328,2015-01-08,2015-01-08
19342,2015-01-09,2015-01-09
19349,2015-01-10,2015-01-10
19352,2015-01-12,2015-01-12
19357,2015-01-13,2015-01-13
19363,2015-01-18,2015-01-18
19370,2015-01-20,2015-01-20
19373,2015-01-23,2015-01-23
19374,2015-01-28,2015-01-28
19376,2015-01-29,2015-01-29
19377,2015-01-31,2015-01-31
19385,2015-02-01,2015-02-01
19394,2015-02-02,2015-02-02
19396,2015-02-03,2015-02-03
19397,2015-02-04,2015-02-04
19398,2015-02-08,2015-02-08
19401,2015-02-09,2015-02-09
19426,2015-02-13,2015-02-13
19429,2015-02-20,2015-02-20
19430,2015-03-05,2015-03-05
19431,2015-03-06,2015-03-06
19432,2015-03-10,2015-03-10
19433,2015-12-18,2015-12-18
19435,2015-12-19,2015-12-19
19436,2015-12-28,2015-12-28
19443,2015-12-29,2015-12-29
19453,2015-12-30,2015-12-30
19455,2016-01-08,2016-01-08
19456,2016-01-09,2016-01-09
19459,2016-01-11,2016-01-11
19460,2016-01-12,2016-01-12
19473,2016-01-13,2016-01-13
19476,2016-01-14,2016-01-14
19480,2016-01-15,2016-01-15
19482,2016-01-16,2016-01-16
19485,2016-01-19,2016-01-19
19506,2016-01-20,2016-01-20
19536,2016-01-21,2016-01-21
19548,2016-01-22,2016-01-22
19573,2016-01-23,2016-01-23
19577,2016-01-24,2016-01-24
19625,2016-01-25,2016-01-25
19662,2016-01-26,2016-01-26
19669,2016-01-28,2016-01-28
19673,2016-02-01,2016-02-01
19679,2016-02-02,2016-02-02
19697,2016-02-03,2016-02-03
19714,2016-02-04,2016-02-04
19715,2016-02-05,2016-02-05
19718,2016-02-06,2016-02-06
19721,2016-02-07,2016-02-07
19738,2016-02-08,2016-02-08
19740,2016-02-10,2016-02-10
19742,2016-02-15,2016-02-15
19743,2016-02-17,2016-02-17
19746,2016-03-01,2016-03-01
19754,2016-12-10,2016-12-10
19755,2016-12-11,2016-12-11
19756,2016-12-15,2016-12-15
19757,2016-12-16,2016-12-16
19767,2016-12-28,2016-12-28
19769,2016-12-30,2016-12-30
19775,2017-01-11,2017-01-11
19777,2017-01-13,2017-01-13
19778,2017-01-14,2017-01-14
19786,2017-01-15,2017-01-15
19810,2017-01-16,2017-01-16
19830,2017-01-17,2017-01-17
19841,2017-01-19,2017-01-19
19842,2017-01-21,2017-01-21
19860,2017-01-22,2017-01-22
19862,2017-01-23,2017-01-23
19883,2017-01-24,2017-01-24
19908,2017-01-25,2017-01-25
19933,2017-01-26,2017-01-26
19954,2017-01-28,2017-01-28
19964,2017-01-31,2017-01-31
19981,2017-02-01,2017-02-01
19985,2017-02-02,2017-02-02
19995,2017-02-07,2017-02-07
19996,2017-02-08,2017-02-08
19997,2017-02-10,2017-02-10
20000,2017-02-11,2017-02-11
20009,2017-02-12,2017-02-12
20013,2017-02-13,2017-02-13
20018,2017-02-14,2017-02-14
20019,2017-02-21,2017-02-21
20020,2017-11-27,2017-11-27
20021,2017-12-01,2017-12-01
20023,2017-12-05,2017-12-05
20024,2017-12-06,2017-12-06
20025,2017-12-08,2017-12-08
20027,2017-12-09,2017-12-09
20029,2017-12-11,2017-12-11
20030,2017-12-12,2017-12-12
20048,2017-12-13,2017-12-13
20069,2017-12-14,2017-12-14
20099,2017-12-15,2017-12-15
20106,2017-12-17,2017-12-17
20121,2017-12-18,2017-12-18
20124,2017-12-19,2017-12-19
20127,2017-12-20,2017-12-20
20143,2017-12-21,2017-12-21
20144,2017-12-27,2017-12-27
20154,2017-12-28,2017-12-28
20162,2017-12-30,2017-12-30
20163,2018-01-01,2018-01-01
20167,2018-01-02,2018-01-02
20168,2018-01-03,2018-01-03
20174,2018-01-04,2018-01-04
20181,2018-01-05,2018-01-05
20182,2018-01-06,2018-01-06
20187,2018-01-07,2018-01-07
20193,2018-01-10,2018-01-10
20201,2018-01-11,2018-01-11
20228,2018-01-12,2018-01-12
20270,2018-01-13,2018-01-13
20279,2018-01-14,2018-01-14
20288,2018-01-21,2018-01-21
20289,2018-01-23,2018-01-23
20299,2018-01-24,2018-01-24
20342,2018-01-25,2018-01-25
20388,2018-01-26,2018-01-26
20436,2018-01-27,2018-01-27
20482,2018-01-28,2018-01-28
20483,2018-01-29,2018-01-29
20497,2018-01-30,2018-01-30
20524,2018-02-01,2018-02-01
20535,2018-02-02,2018-02-02
20553,2018-02-03,2018-02-03
20557,2018-02-04,2018-02-04
20577,2018-02-05,2018-02-05
20604,2018-02-06,2018-02-06
20637,2018-02-07,2018-02-07
20677,2018-02-08,2018-02-08
20709,2018-02-09,2018-02-09
20714,2018-02-11,2018-02-11
20721,2018-02-12,2018-02-12
20739,2018-02-13,2018-02-13
20751,2018-02-16,2018-02-16
20752,2018-02-21,2018-02-21
20753,2018-02-22,2018-02-22
20754,2018-03-02,2018-03-02
20756,2018-03-06,2018-03-06
20757,2018-03-17,2018-03-17
20758,2018-12-08,2018-12-08
20766,2018-12-09,2018-12-09
20782,2018-12-10,2018-12-10
20794,2018-12-12,2018-12-12
20795,2018-12-13,2018-12-13
20799,2018-12-14,2018-12-14
20809,2018-12-15,2018-12-15
20825,2018-12-27,2018-12-27
20827,2018-12-28,2018-12-28
20848,2018-12-29,2018-12-29
20863,2018-12-30,2018-12-30
20881,2018-12-31,2018-12-31
20907,2019-01-01,2019-01-01
20917,2019-01-02,2019-01-02
20928,2019-01-03,2019-01-03
20944,2019-01-04,2019-01-04
20954,2019-01-06,2019-01-06
20958,2019-01-07,2019-01-07
20966,2019-01-08,2019-01-08
20968,2019-01-09,2019-01-09
20984,2019-01-11,2019-01-11
20985,2019-01-13,2019-01-13
20986,2019-01-14,2019-01-14
20987,2019-01-16,2019-01-16
20999,2019-01-18,2019-01-18
21001,2019-01-21,2019-01-21
21004,2019-01-22,2019-01-22
21005,2019-01-24,2019-01-24
21008,2019-01-25,2019-01-25
21010,2019-01-26,2019-01-26
21017,2019-01-27,2019-01-27
21034,2019-01-29,2019-01-29
21039,2019-02-01,2019-02-01
21046,2019-02-02,2019-02-02
21047,2019-02-08,2019-02-08
21049,2019-02-09,2019-02-09
21050,2019-02-10,2019-02-10
21055,2019-02-11,2019-02-11
21056,2019-02-13,2019-02-13
21058,2019-02-14,2019-02-14
21060,2019-02-17,2019-02-17
21061,2019-02-18,2019-02-18
21063,2019-02-21,2019-02-21
21064,2019-12-06,2019-12-06
21074,2019-12-08,2019-12-08
21075,2019-12-31,2019-12-31
21077,2020-01-05,2020-01-05
21078,2020-01-14,2020-01-14
21079,2020-01-15,2020-01-15
21080,2020-01-16,2020-01-16
21081,2020-01-17,2020-01-17
21082,2020-01-21,2020-01-21
21083,2020-02-04,2020-02-04
21085,2020-02-05,2020-02-05
21087,2020-02-06,2020-02-06
21107,2020-02-07,2020-02-07
21108,2020-02-09,2020-02-09
21109,2020-02-11,2020-02-11
21110,2020-02-18,2020-02-18
21114,2020-12-01,2020-12-01
21115,2020-12-04,2020-12-04
21116,2020-12-09,2020-12-09
21117,2020-12-14,2020-12-14
21123,2020-12-15,2020-12-15
21136,2020-12-16,2020-12-16
21151,2020-12-17,2020-12-17
21168,2020-12-19,2020-12-19
21177,2020-12-20,2020-12-20
21187,2020-12-21,2020-12-21
21194,2020-12-22,2020-12-22
21195,2020-12-30,2020-12-30
21200,2020-12-31,2020-12-31
21230,2021-01-01,2021-01-01
21247,2021-01-02,2021-01-02
21251,2021-01-03,2021-01-03
21260,2021-01-04,2021-01-04
21272,2021-01-05,2021-01-05
21273,2021-01-06,2021-01-06
21298,2021-01-07,2021-01-07
21326,2021-01-08,2021-01-08
21383,2021-01-09,2021-01-09
21433,2021-01-10,2021-01-10
21476,2021-01-11,2021-01-11
21497,2021-01-12,2021-01-12
21513,2021-01-13,2021-01-13
21514,2021-01-17,2021-01-17
21521,2021-01-19,2021-01-19
21543,2021-01-20,2021-01-20
21559,2021-01-29,2021-01-29
21566,2021-01-30,2021-01-30
21571,2021-01-31,2021-01-31
21573,2021-02-03,2021-02-03
21578,2021-02-04,2021-02-04
21580,2021-02-16,2021-02-16
21581,2021-02-17,2021-02-17
21584,2021-02-18,2021-02-18
21593,2021-02-19,2021-02-19
21595,2021-03-03,2021-03-03
21596,2021-12-18,2021-12-18
21612,2021-12-25,2021-12-25
21617,2021-12-26,2021-12-26
21647,2021-12-27,2021-12-27
21672,2021-12-28,2021-12-28
21676,2021-12-31,2021-12-31
21678,2022-01-01,2022-01-01
21699,2022-01-03,2022-01-03
21708,2022-01-05,2022-01-05
21713,2022-01-06,2022-01-06
21714,2022-01-07,2022-01-07
21720,2022-01-08,2022-01-08
21723,2022-01-10,2022-01-10
21724,2022-01-12,2022-01-12
21740,2022-01-13,2022-01-13
21758,2022-01-14,2022-01-14
21776,2022-01-15,2022-01-15
21778,2022-01-17,2022-01-17
21786,2022-01-18,2022-01-18
21803,2022-01-19,2022-01-19
21817,2022-01-20,2022-01-20
21832,2022-01-21,2022-01-21
21850,2022-01-22,2022-01-22
21853,2022-01-27,2022-01-27
21854,2022-01-28,2022-01-28
21856,2022-01-29,2022-01-29
21859,2022-01-30,2022-01-30
21866,2022-01-31,2022-01-31
21876,2022-02-02,2022-02-02
21877,2022-02-03,2022-02-03
21879,2022-02-04,2022-02-04
21885,2022-02-05,2022-02-05
21892,2022-02-06,2022-02-06
21902,2022-02-07,2022-02-07
21909,2022-02-08,2022-02-08
21910,2022-02-09,2022-02-09
21913,2022-02-11,2022-02-11
21914,2022-02-16,2022-02-16
21918,2022-02-17,2022-02-17
21928,2022-02-18,2022-02-18
21950,2022-02-20,2022-02-20
21952,2022-02-21,2022-02-21
21960,2022-02-22,2022-02-22
21963,2022-02-23,2022-02-23
21972,2022-02-24,2022-02-24
